Front,Back
"What are the three domains of life?","Bacteria, Archaea, and Eukarya. Bacteria and Archaea are prokaryotes (no membrane-bound nucleus); Eukarya have a membrane-bound nucleus and membrane-bound organelles."
"What is the cell theory?","1) All living things are made of cells; 2) The cell is the basic unit of life; 3) All cells arise from pre-existing cells."
"What distinguishes prokaryotes from eukaryotes?","Prokaryotes lack a membrane-bound nucleus and membrane-bound organelles; they have a nucleoid region, 70S ribosomes, and are generally smaller. Eukaryotes have a nucleus, 80S ribosomes (except in mitochondria/chloroplasts), and complex organelles."
"What is the endosymbiotic theory?","Mitochondria and chloroplasts were once free-living prokaryotes engulfed by a host cell. Evidence: they have double membranes, their own circular DNA, 70S ribosomes, and divide by binary fission."
"What are the main features of the plasma membrane?","Fluid mosaic model: phospholipid bilayer (hydrophilic heads face outward, hydrophobic tails inward) with embedded proteins (integral and peripheral), cholesterol for fluidity regulation, and carbohydrates for cell recognition."
"What is the function of the nucleus?","Contains the cell's DNA (genome), controls gene expression, and is the site of DNA replication and RNA transcription. Bounded by a double nuclear envelope with nuclear pores."
"What is the function of the endoplasmic reticulum (ER)?","Rough ER (with ribosomes): synthesises and processes proteins destined for secretion or membranes. Smooth ER: lipid synthesis, detoxification, Ca²⁺ storage."
"What is the role of the Golgi apparatus?","Receives proteins/lipids from the ER, modifies them (glycosylation, phosphorylation), sorts and packages them into vesicles for delivery to lysosomes, secretory vesicles, or the plasma membrane."
"What are the four levels of protein structure?","Primary = amino acid sequence (peptide bonds). Secondary = local folding patterns (α-helix, β-sheet) stabilised by hydrogen bonds. Tertiary = overall 3D shape stabilised by hydrophobic interactions, disulfide bonds, ionic bonds, H-bonds. Quaternary = arrangement of multiple polypeptide subunits."
"What are the four types of macromolecules?","Carbohydrates, Lipids, Proteins, Nucleic acids. Built from monomers: monosaccharides → polysaccharides; amino acids → proteins; nucleotides → DNA/RNA; fatty acids + glycerol → lipids (triglycerides)."
"What is a condensation (dehydration) reaction vs. hydrolysis?","Condensation: forms a covalent bond between two monomers by removing water (H₂O). Hydrolysis: breaks a covalent bond by adding water. Polymerisation uses condensation; digestion uses hydrolysis."
"What are purines vs. pyrimidines in nucleotides?","Purines: Adenine (A) and Guanine (G) — double-ring structures. Pyrimidines: Cytosine (C), Thymine (T, DNA only), and Uracil (U, RNA only) — single-ring structures. A pairs with T (2 H-bonds), G pairs with C (3 H-bonds)."
"What is the difference between DNA and RNA?","DNA: deoxyribose sugar, contains thymine (T), usually double-stranded, stable, stores genetic information. RNA: ribose sugar, contains uracil (U), usually single-stranded, less stable, various roles in gene expression."
"What is the difference between saturated and unsaturated fatty acids?","Saturated: no C=C double bonds; straight chain; solid at room temperature (e.g., butter). Unsaturated: one or more C=C double bonds; kinked chain; liquid at room temperature (e.g., plant oils). Polyunsaturated = multiple double bonds."
"What is the role of cholesterol in the membrane?","At physiological temperatures, cholesterol reduces membrane fluidity by fitting between phospholipid tails and restricting movement. At lower temperatures, it prevents solidification. Overall it buffers/stabilises membrane fluidity."
"What is the function of cellulose and glycogen?","Cellulose: structural polysaccharide in plant cell walls; β-1,4-glycosidic bonds forming straight, rigid chains that bundle into fibres. Glycogen: branched storage polysaccharide in animal liver and muscle; α-1,4-glycosidic bonds with α-1,6 branch points."
"What are the components of the cytoskeleton?","Microfilaments (actin, 7 nm): cell movement, shape, cytokinesis. Intermediate filaments (8–12 nm): structural support, nuclear lamina. Microtubules (tubulin α/β dimers, 25 nm): intracellular transport (kinesin/dynein), cilia, flagella, mitotic spindle."
"What is the function of tight junctions, desmosomes, and gap junctions?","Tight junctions: seal adjacent cells, prevent paracellular leakage (e.g., intestinal epithelium). Desmosomes: mechanical anchors (cadherins linked to intermediate filaments). Gap junctions: channels (connexins) allowing ions/small molecules to pass directly between cells."
"What is osmosis?","Net movement of water across a semipermeable membrane from a region of lower solute concentration (higher water potential) to a region of higher solute concentration. Follows concentration gradient of water."
"What is the difference between hypertonic, hypotonic, and isotonic solutions?","Hypertonic: solution has higher solute concentration than the cell — cell loses water (crenation in animal cells; plasmolysis in plant cells). Hypotonic: solution has lower solute concentration — cell gains water (lysis in animal cells; turgor in plant cells). Isotonic: equal concentrations, no net water movement."
"What are the types of membrane transport?","Passive: simple diffusion (down concentration gradient, no protein, no energy), facilitated diffusion (channel or carrier proteins, no energy). Active: primary active transport (ATP, pumps, e.g., Na⁺/K⁺-ATPase), secondary active transport (cotransport using electrochemical gradient). Bulk transport: endocytosis/exocytosis."
"How does the Na⁺/K⁺-ATPase pump work?","Electrogenic pump: uses 1 ATP to pump 3 Na⁺ OUT and 2 K⁺ IN against their electrochemical gradients. Generates membrane potential (negative inside). Critical for nerve/muscle cell function and maintaining cell volume."
"What is the difference between facilitated diffusion and active transport?","Both use membrane proteins. Facilitated diffusion: moves solutes DOWN their electrochemical gradient (no ATP required). Active transport: moves solutes AGAINST their electrochemical gradient (requires energy — ATP directly or indirectly via ion gradient)."
"What are the main components of cellular respiration?","Glycolysis (cytosol): glucose → 2 pyruvate; net 2 ATP + 2 NADH. Pyruvate oxidation (mitochondrial matrix): 2 pyruvate → 2 Acetyl-CoA + 2 CO₂ + 2 NADH. Krebs cycle (matrix): 6 ATP + 8 NADH + 2 FADH₂ per glucose. Electron transport chain + oxidative phosphorylation (inner mitochondrial membrane): ~28–30 ATP per glucose."
"What is the total ATP yield from one molecule of glucose in aerobic respiration?","Approximately 30–32 ATP per glucose: 2 (glycolysis) + 2 (Krebs) + ~28 (oxidative phosphorylation from 10 NADH × ~2.5 ATP + 2 FADH₂ × ~1.5 ATP). Exact yield is ~30–32 ATP in cellular conditions."
"What is the role of NAD⁺/NADH and FAD/FADH₂?","Electron carriers (coenzymes). NAD⁺ and FAD accept electrons (and H⁺) during glycolysis, pyruvate oxidation, and the Krebs cycle, becoming NADH and FADH₂. These then donate electrons to the ETC, driving ATP synthesis via oxidative phosphorylation."
"What is substrate-level phosphorylation vs. oxidative phosphorylation?","Substrate-level phosphorylation: ATP is synthesised directly when a phosphate group is transferred from a substrate molecule to ADP (occurs in glycolysis and Krebs cycle). Oxidative phosphorylation: ATP is synthesised by ATP synthase using the proton gradient (chemiosmosis) generated by the electron transport chain."
"What is chemiosmosis / the proton gradient?","As electrons move along the ETC (complexes I, III, IV), protons (H⁺) are pumped from the matrix into the intermembrane space, creating an electrochemical gradient (proton motive force). H⁺ flows back through ATP synthase (Complex V), driving rotation of the enzyme and synthesis of ATP from ADP + Pi."
"What happens during fermentation?","When O₂ is absent, pyruvate acts as the electron acceptor instead of O₂ to regenerate NAD⁺ (needed for glycolysis to continue). In lactic acid fermentation: pyruvate → lactate. In alcoholic fermentation: pyruvate → ethanol + CO₂. Net yield: 2 ATP per glucose (from glycolysis only)."
"What are the two main stages of photosynthesis?","Light reactions (thylakoid membranes): capture light energy → produce ATP, NADPH, and O₂ (from water splitting). Calvin cycle / light-independent reactions (stroma): use ATP and NADPH to fix CO₂ into G3P, which is used to make glucose."
"What is the role of photosystem II and photosystem I?","PSII: absorbs light (P680), oxidises water (O₂ released), passes electrons to ETC. PSI: absorbs light (P700), re-energises electrons, reduces NADP⁺ to NADPH. Non-cyclic photophosphorylation uses both PSI and PSII to produce ATP, NADPH, and O₂."
"What is the primary pigment in photosynthesis?","Chlorophyll A — the primary photosynthetic pigment that directly participates in the light reactions. Chlorophyll B and carotenoids are accessory pigments that absorb different wavelengths and transfer energy to Chlorophyll A."
"What is the Calvin cycle?","Carbon fixation cycle in the stroma. Uses 3 CO₂ + 9 ATP + 6 NADPH → 1 G3P (glyceraldehyde-3-phosphate). Three stages: (1) carbon fixation (RuBisCO fixes CO₂ to RuBP), (2) reduction (G3P formed using NADPH and ATP), (3) regeneration of RuBP (using ATP)."
"What is the structure of DNA (double helix)?","Two antiparallel strands (5'→3' and 3'→5') wound into a right-handed double helix. Backbone: alternating deoxyribose sugar and phosphate groups. Bases pair in the interior via H-bonds: A-T (2 bonds), G-C (3 bonds). Strands held together by H-bonds and base stacking."
"What is semi-conservative replication?","Each daughter DNA molecule contains one original (parental) strand and one newly synthesised strand. Shown by Meselson-Stitch experiment using ¹⁵N/¹⁴N density centrifugation."
"What are the key enzymes in DNA replication?","Helicase: unwinds/unzips the double helix at the replication fork. Primase: synthesises short RNA primers. DNA polymerase III: synthesises new DNA 5'→3' (adds nucleotides to 3' OH). DNA polymerase I: removes RNA primers and replaces with DNA. DNA ligase: joins Okazaki fragments (seals nicks). Topoisomerase: relieves supercoiling ahead of the fork."
"What is the difference between the leading and lagging strands in replication?","Leading strand: synthesised continuously in the 5'→3' direction toward the replication fork (one primer, continuous extension). Lagging strand: synthesised discontinuously in the 5'→3' direction AWAY from the fork as Okazaki fragments (multiple primers, multiple short fragments later joined by ligase)."
"What is the origin of replication (oriC)?","The specific DNA sequence where replication begins. Multiple origins in eukaryotes (speeds up replication of large chromosomes). Requires initiator proteins (e.g., ORC in eukaryotes) that recruit helicase and other replication machinery."
"What is the end-replication problem?","At the 3' end of linear chromosomes, DNA polymerase cannot fully replicate the very end (primer removal leaves a gap that cannot be filled). Without a solution, chromosomes shorten with each replication. Telomerase (reverse transcriptase with RNA template) adds repetitive telomere sequences (TTAGGG in humans) to prevent this."
"What are the stages of the cell cycle?","Interphase: G1 (growth, preparation), S phase (DNA synthesis/replication), G2 (growth, preparation for mitosis). Mitosis: PMAT — Prophase, Metaphase, Anaphase, Telophase. Cytokinesis: cytoplasm divides."
"What are the key checkpoints in the cell cycle?","G1/S checkpoint (restriction point): checks cell size, nutrients, growth factors, DNA integrity — commits cell to division. G2/M checkpoint: checks DNA replication complete and damage repaired. Spindle assembly checkpoint (M phase): ensures all chromosomes attached to spindle before anaphase."
"What are cyclins and CDKs?","Cyclin-dependent kinases (CDKs) are constitutively expressed kinases activated by binding cyclin proteins. Cyclin levels fluctuate through the cell cycle. Cyclin-CDK complexes phosphorylate target proteins to drive cell cycle transitions. e.g., Cyclin D/CDK4/6 (G1), Cyclin E/CDK2 (G1/S), Cyclin B/CDK1 (M)."
"What is the difference between mitosis and meiosis?","Mitosis: one division, 2 identical diploid daughter cells, for growth/repair. Meiosis: two divisions (meiosis I and II), 4 haploid daughter cells (gametes), genetic variation through crossing over and independent assortment."
"What events occur during meiosis I vs. meiosis II?","Meiosis I (reductional): homologous chromosomes pair (synapsis), crossing over occurs in prophase I, homologues separate in anaphase I → 2 haploid cells (still with sister chromatids). Meiosis II (equational): like mitosis — sister chromatids separate → 4 haploid cells."
"What is crossing over / recombination?","Physical exchange of corresponding DNA segments between non-sister chromatids of homologous chromosomes during prophase I of meiosis (at chiasmata). Creates new combinations of alleles (recombinant chromosomes), increasing genetic diversity."
"What is transcription?","The process of synthesising RNA from a DNA template by RNA polymerase. DNA template strand (3'→5') is read, and RNA is synthesised 5'→3'. Occurs in the nucleus (eukaryotes)."
"What are the three types of RNA made by transcription?","mRNA (messenger RNA): codes for protein. rRNA (ribosomal RNA): structural and catalytic component of ribosomes. tRNA (transfer RNA): carries amino acids to the ribosome; anticodon pairs with mRNA codon."
"What is mRNA processing in eukaryotes?","1) 5' cap (7-methylguanosine cap) added — protects mRNA, aids ribosome binding. 2) 3' poly-A tail added — aids export and stability. 3) Splicing — introns (non-coding) removed by the spliceosome; exons (coding) joined. Final mature mRNA = 5' cap + 5' UTR + coding sequence + 3' UTR + poly-A tail."
"What is the spliceosome?","Large ribonucleoprotein complex (snRNPs — U1, U2, U4, U5, U6) that recognises splice donor (GU) and splice acceptor (AG) sites at intron boundaries, excises the intron as a lariat structure, and joins the flanking exons."
"What is alternative splicing?","Different exon combinations can be joined from the same pre-mRNA, producing multiple distinct mRNA (and protein) isoforms from a single gene. Example: DSCAM in Drosophila can produce ~38,016 different isoforms. Dramatically expands proteome diversity."
"What is translation?","Decoding mRNA sequence into a polypeptide chain. Ribosomes (rRNA + proteins) read mRNA codons 5'→3'. tRNA anticodons pair with codons to deliver the correct amino acid. Occurs in the cytoplasm (80S ribosomes in eukaryotes)."
"What are the three stages of translation?","Initiation: ribosome assembles at start codon (AUG) → first amino acid is methionine. Elongation: aminoacyl-tRNA enters A site, peptide bond formed (peptidyl transferase), ribosome translocates (A→P→E site). Termination: stop codon (UAA, UAG, UGA) is reached, release factor enters, polypeptide released."
"What is the genetic code and what are its key properties?","Triplet code: 3-base codons. 64 codons encode 20 amino acids + 3 stop codons. Degenerate (redundant): most amino acids encoded by multiple codons. Unambiguous: each codon codes for only one amino acid. Universal: nearly all organisms use the same code."
"What is the lac operon?","Bacterial operon (gene cluster) for lactose metabolism. Normally REPRESSED by lac repressor binding operator. Lactose (as allolactose) inactivates repressor → transcription ON. Also requires cAMP-CAP (catabolite activator) for high expression. CAP active when glucose is LOW (high cAMP)."
"What is the trp operon?","Bacterial operon for tryptophan synthesis — a repressible operon. When tryptophan is ABUNDANT, it binds trp repressor as a corepressor → repressor binds operator → transcription OFF (feedback inhibition). When tryptophan is scarce, operon is ON."
"What is chromatin and how is it organised?","DNA wrapped around histone octamers (2× H2A, H2B, H3, H4) forming nucleosomes ('beads on a string'). Nucleosomes fold into 30 nm fibre, then looped domains. Euchromatin: loosely packed, transcriptionally active. Heterochromatin: tightly packed, transcriptionally silent."
"What are histone modifications and their effects?","Post-translational modifications of histone tails: acetylation (HATs add acetyl groups → loosens chromatin, activates transcription); methylation (can activate or repress depending on position/degree); phosphorylation; ubiquitination. Collectively the 'histone code' regulates gene expression."
"What is DNA methylation in epigenetics?","Addition of methyl groups to cytosine residues (usually at CpG dinucleotides) by DNA methyltransferases. Generally associated with transcriptional silencing (heterochromatin). Heritable through cell divisions by maintenance methyltransferase DNMT1. Important in X-inactivation and genomic imprinting."
"What is PCR (Polymerase Chain Reaction)?","A technique to amplify a specific DNA segment exponentially. Requires: template DNA, two flanking oligonucleotide primers, thermostable Taq polymerase, dNTPs, Mg²⁺. Three steps per cycle: denaturation (94–98°C), annealing (50–65°C), extension (72°C). Product doubles each cycle → 2ⁿ amplification after n cycles."
"What is RT-PCR?","Reverse Transcription PCR. First converts mRNA → cDNA using reverse transcriptase (RNA-dependent DNA polymerase). Then amplifies cDNA by PCR. Used to detect gene expression. cDNA lacks introns, so primers spanning an intron distinguish cDNA (shorter) from genomic DNA (longer)."
"What is quantitative PCR (qPCR)?","Measures the quantity of starting template in real time using fluorescent reporter (SYBR green or TaqMan probe). Ct (threshold cycle) = cycle at which fluorescence crosses threshold. Lower Ct = more starting template. Relative quantification: ΔΔCt method compares gene expression between samples, normalised to a reference gene."
"What is a primer in PCR?","Short single-stranded oligonucleotide (18–25 bp) complementary to the target sequence flanking the region to be amplified. DNA polymerase requires a free 3' OH to extend. Primers define the start and end of the amplified product. Must have appropriate Tm (melting temperature), GC content (40–60%), no self-complementarity."
"What are the types of DNA mutations?","Point mutations: substitution (transition: purine↔purine or pyrimidine↔pyrimidine; transversion: purine↔pyrimidine), insertion, deletion. By effect: silent/synonymous, missense (amino acid change), nonsense (premature stop codon), frameshift (insertion/deletion not divisible by 3). Chromosomal mutations: deletions, duplications, inversions, translocations."
"What is a frameshift mutation?","Insertion or deletion of a number of nucleotides NOT divisible by 3, shifting the reading frame for all downstream codons. Usually causes a completely altered amino acid sequence and a premature stop codon → non-functional protein. Small insertions/deletions that are multiples of 3 are in-frame and remove/add whole amino acids."
"What are mutagens?","Physical: UV light (causes pyrimidine dimers, C→T transitions); ionising radiation (X-rays, gamma rays — cause double-strand breaks). Chemical: base analogs (5-BU — A:T→G:C transitions); alkylating agents (add alkyl groups to bases); intercalating agents (acridines — cause frameshifts); deaminating agents (nitrous acid — C→U transitions)."
"What are the main DNA repair mechanisms?","Mismatch repair (MMR): corrects replication errors (mismatches, small indels). Base excision repair (BER): removes small non-helix-distorting damaged bases. Nucleotide excision repair (NER): removes bulky adducts (pyrimidine dimers). Double-strand break repair: homologous recombination (HR, high fidelity) or non-homologous end joining (NHEJ, error-prone)."
"What is Mendel's Law of Segregation?","During gamete formation, the two alleles of each gene segregate from each other so that each gamete carries only one allele of each gene. Each allele has an equal probability (50%) of being in any given gamete."
"What is Mendel's Law of Independent Assortment?","Alleles of different genes segregate independently of one another during gamete formation (provided the genes are on different chromosomes or far apart on the same chromosome). Basis of the 9:3:3:1 dihybrid ratio."
"What is the difference between dominant and recessive alleles?","Dominant: allele whose phenotype is expressed in both homozygous (AA) and heterozygous (Aa) individuals. Recessive: allele whose phenotype is expressed only when homozygous (aa). Dominance describes the relationship between alleles, not the allele itself."
"What is a test cross?","Crossing an individual of unknown genotype with a homozygous recessive individual (aa). If all offspring show the dominant phenotype → unknown was AA. If offspring are 1:1 dominant:recessive → unknown was Aa."
"What is incomplete dominance?","Heterozygotes (Aa) show an intermediate phenotype between the two homozygotes. Genotype ratio 1:2:1 mirrors phenotype ratio 1:2:1 (e.g., RR red : Rr pink : rr white in snapdragons)."
"What is codominance?","Both alleles are fully and simultaneously expressed in heterozygotes. Example: ABO blood type AB (I^A I^B) — both A and B antigens are expressed on red blood cells."
"What is multiple allelism?","More than two alleles exist for a single gene in a population (though each individual carries at most two). Example: ABO blood type system (I^A, I^B, I^O — three alleles)."
"What is the ABO blood type system?","I^A and I^B are codominant; I^O is recessive. Genotypes and phenotypes: I^A I^A or I^A I^O = type A; I^B I^B or I^B I^O = type B; I^A I^B = type AB; I^O I^O = type O. Blood type is determined by which antigens are on red blood cells."
"What is epistasis?","Interaction between genes at different loci where one gene's alleles mask the expression of another gene's alleles. Can produce modified ratios (12:3:1, 9:3:4, 9:7, 15:1) instead of the standard 9:3:3:1."
"What is X-linked inheritance?","Genes located on the X chromosome. Males are hemizygous (only one X copy) so they express all X-linked alleles regardless of dominance. X-linked recessive diseases are more common in males. Carrier females (X^A X^a) are usually unaffected but can pass the allele to sons."
"What is X-inactivation (lyonisation)?","In female mammals, one X chromosome in each somatic cell is randomly inactivated early in development by coating with Xist RNA → forms a Barr body (heterochromatin). The choice is maintained mitotically, creating mosaicism in heterozygous females."
"What is linkage and why does it matter?","Genes on the same chromosome tend to be inherited together (linked). Linkage reduces recombination frequency below 50% (expected for independent assortment). Map distance (cM) = recombination frequency × 100. 1 cM ≈ 1% recombination frequency."
"What is the Hardy-Weinberg equilibrium?","p² + 2pq + q² = 1 (genotype frequencies) and p + q = 1 (allele frequencies). Predicts genotype frequencies from allele frequencies in an ideal population (no selection, mutation, drift, migration; random mating; large population). Deviations indicate one of these forces is acting."
"What are the assumptions of Hardy-Weinberg equilibrium?","1) Large population (no genetic drift). 2) Random mating (no assortative mating or inbreeding). 3) No mutation. 4) No gene flow/migration. 5) No natural selection. All five must hold for allele and genotype frequencies to remain constant across generations."
"What is genetic drift?","Random changes in allele frequencies due to sampling error, especially pronounced in small populations. Can cause alleles to be fixed (frequency 1.0) or lost (frequency 0) by chance, independent of fitness. Two special cases: founder effect and population bottleneck."
"What is the founder effect?","When a small group of individuals establishes a new population, they may not represent the allele frequencies of the original population. The new population starts with limited genetic diversity and allele frequencies that differ from the source by chance."
"What is natural selection?","Differential survival and reproduction of individuals based on heritable phenotypic variation. Types: directional (favours one extreme), stabilising (favours intermediate), disruptive (favours both extremes). Acts on phenotype; changes allele frequencies over generations."
"What is heterozygote advantage / overdominance?","When heterozygotes (Aa) have higher fitness than either homozygote (AA or aa). Maintains both alleles at a stable equilibrium frequency (balanced polymorphism). Classic example: sickle cell anaemia — HbA/HbS carriers more resistant to malaria than either HbA/HbA or HbS/HbS."
"What is gene flow (migration)?","Movement of alleles between populations due to migration of individuals. Reduces genetic differentiation between populations (decreases FST). Can introduce new alleles or change existing allele frequencies."
"What is a population bottleneck?","A dramatic, temporary reduction in population size, causing loss of genetic diversity through random drift. The surviving individuals carry only a subset of the original population's alleles. Example: northern elephant seal, cheetah."
"What is the neutral theory of molecular evolution?","Most molecular variation (at the DNA/protein level) is neutral or nearly neutral (no effect on fitness). Evolution at the molecular level is dominated by genetic drift rather than natural selection. Most mutations are either deleterious (eliminated quickly) or neutral (fixed or lost by drift)."
"What is FST?","Wright's fixation index. FST = (H_T – H_S) / H_T. Measures the proportion of total genetic variation distributed among subpopulations vs. within them. Ranges 0 (no differentiation) to 1 (complete fixation of different alleles). Higher FST = more genetic differentiation = less gene flow."
"What is the chi-square test in genetics?","Statistical test used to determine whether observed phenotype ratios deviate significantly from expected Mendelian ratios. χ² = Σ(O–E)²/E. If χ² > critical value at appropriate df and significance level (e.g., 3.84 at df=1, p<0.05), we reject the null hypothesis (data inconsistent with predicted ratio)."
"What is penetrance vs. expressivity?","Penetrance: proportion of individuals with a given genotype who actually express the expected phenotype (e.g., 80% penetrant = 80% of Aa individuals show the trait). Expressivity: degree to which a phenotype is expressed among individuals who DO show it (variable expressivity = different severity among affected individuals)."
"What is a polygenic trait?","A trait controlled by alleles at many different gene loci, each contributing a small additive effect. Results in a continuous, normally distributed phenotype (e.g., height, skin colour, IQ). Difficult to map individual loci. Heritability (h²) estimates the proportion of phenotypic variance due to genetic variance."
"What is pleiotropy?","When one gene affects multiple phenotypic traits. Example: the Marfan syndrome gene (FBN1) affects height, arm span, lens of eye, aortic wall. The sickle cell mutation affects red blood cell shape AND causes multiple organ complications."
"What is genomic imprinting?","Epigenetic phenomenon where gene expression depends on the parent of origin. One allele is silenced by methylation/chromatin modification in the germline, depending on whether it came from the mother or father. Violates Mendelian expectations (phenotype depends on which parent contributed the allele). Examples: Igf2 (paternal expression), H19 (maternal expression)."
"What are the phases of mitosis (PMAT)?","Prophase: chromatin condenses into chromosomes, mitotic spindle forms, nuclear envelope breaks down. Metaphase: chromosomes align at the metaphase plate (kinetochores attached to spindle). Anaphase: sister chromatids separate to opposite poles. Telophase: nuclear envelopes reform, chromosomes decondense, cytokinesis begins."
"What is the spindle apparatus?","Network of microtubules (kinetochore microtubules, polar microtubules, astral microtubules) that segregates chromosomes during cell division. Kinetochore microtubules attach to centromeres of sister chromatids. Motor proteins (kinesin, dynein) drive chromosome movement."
"What is apoptosis?","Programmed cell death — controlled, energy-dependent process. Involves caspase protease cascade. Morphology: cell shrinkage, chromatin condensation, membrane blebbing, phagocytosis of apoptotic bodies. Critical for development, immune function, tumour suppression. Distinct from necrosis (uncontrolled death)."
"What is the scientific method in biology?","Observation → Hypothesis (testable, falsifiable) → Prediction → Experiment (controlled, with variables defined) → Results → Analysis → Conclusion (supports or refutes hypothesis). Peer-reviewed publication. Replication by independent researchers validates findings."
"What is a control in an experiment?","A control group/condition is kept unchanged to provide a baseline comparison. Positive control: expected to show a result (validates assay is working). Negative control: expected to show no result (validates there is no contamination/false positive). Both are essential to interpret experimental results."
"What is the difference between a hypothesis and a theory?","Hypothesis: a testable, falsifiable explanation for a specific observation, not yet broadly tested. Theory: a well-substantiated explanation supported by extensive evidence from multiple independent lines of testing. A scientific theory is NOT a guess — it is the highest level of scientific explanation."
"What is peer review?","The process by which submitted research manuscripts are evaluated by independent experts in the same field before publication. Reviewers assess the validity of methods, statistical analysis, interpretation of results, and whether conclusions are supported by data. Ensures scientific quality but is not infallible."
"What are primary vs. secondary sources in science?","Primary sources: original research articles reporting new data and experiments. Secondary sources: review articles, textbooks — summarise and interpret primary literature. When evaluating evidence, primary sources are more authoritative for specific experimental claims."
"What is the difference between qualitative and quantitative data?","Qualitative: descriptive observations without numerical measurement (e.g., cell morphology, colour). Quantitative: numerical measurements with units (e.g., absorbance at 600 nm = 0.45). Quantitative data allows statistical analysis; both types can be valid depending on the question."
"What is glycolysis and where does it occur?","Glycolysis occurs in the cytosol. Converts one glucose (6C) to two pyruvate (3C). Net yield: 2 ATP (from 4 produced – 2 invested) and 2 NADH. Does NOT require O₂. Regulated by phosphofructokinase-1 (PFK-1) — key allosteric control point."
"What are the inputs and outputs of the Krebs cycle?","Input per cycle (per acetyl-CoA): 1 Acetyl-CoA (2C) + 3 NAD⁺ + 1 FAD + 1 ADP + Pi. Output: 2 CO₂ + 3 NADH + 1 FADH₂ + 1 ATP (via GTP). Per glucose: 2 turns of cycle → 6 NADH, 2 FADH₂, 2 ATP, 4 CO₂."
"What is the electron transport chain (ETC)?","Series of protein complexes in the inner mitochondrial membrane (Complexes I, II, III, IV). Electrons from NADH and FADH₂ are passed along the chain. Complex IV (cytochrome c oxidase) reduces O₂ to H₂O. Energy released pumps H⁺ into the intermembrane space (chemiosmosis)."
"What are the light reactions of photosynthesis?","Occur in thylakoid membranes. Light hits PSII (P680) → electrons excited → water split (releasing O₂ and H⁺) → electrons pass to plastoquinone → cytochrome b6f complex → plastocyanin → PSI (P700) → light re-energises electrons → ferredoxin → NADP⁺ reductase → NADPH. ATP synthesised by ATP synthase using H⁺ gradient."
"What is the Z-scheme of photosynthesis?","Diagram showing electron flow through the light reactions. Electrons start at low energy in PSII (after water oxidation), are excited by light to high energy, fall to intermediate energy through the ETC (generating ATP), are re-excited by light at PSI, and end at high energy reducing NADP⁺ to NADPH."
"What are telomeres and telomerase?","Telomeres: repetitive DNA sequences (TTAGGG in humans) at chromosome ends, protected by shelterin protein complex. Prevent chromosomal shortening and illegitimate recombination. Telomerase: reverse transcriptase with its own RNA template; extends telomeres in germline, stem cells, and most cancers. Somatic cells typically lack telomerase → gradual telomere shortening → senescence."
"What is nonsense-mediated mRNA decay (NMD)?","Surveillance pathway that degrades mRNAs containing premature termination codons (PTCs). When a ribosome encounters a stop codon upstream of an exon junction complex (EJC) during the pioneer round of translation, NMD is triggered, degrading the aberrant transcript. Prevents production of truncated, potentially dominant-negative proteins."
